antecedents,consequents,antecedent support,consequent support,support,confidence,lift,representativity,leverage,conviction,zhangs_metric,jaccard,certainty,kulczynski,rule_name
frozenset({'Krating Daeng KTP'}),frozenset({'M-150'}),0.2496,0.3668,0.184,0.7371794871794872,2.0097586891480024,1.0,0.09244672,2.4092487804878053,0.6695466765551127,0.42553191489361697,0.584932860359266,0.6194076279954143,['Krating Daeng KTP']->['M-150']
frozenset({'Krating Daeng Original'}),frozenset({'Snack'}),0.2584,0.3972,0.198,0.7662538699690402,1.9291386454406854,1.0,0.09536352000000001,2.5788662251655627,0.6494524533359485,0.43269230769230776,0.6122326973607171,0.6323716479754566,['Krating Daeng Original']->['Snack']
frozenset({'Krating Daeng Sugar Free'}),frozenset({'Water'}),0.244,0.4456,0.18,0.7377049180327869,1.6555316831974571,1.0,0.07127359999999999,2.1136500000000003,0.5237624926513814,0.35321821036106743,0.5268847727864122,0.5708273243664832,['Krating Daeng Sugar Free']->['Water']
frozenset({'Sponsor'}),frozenset({'Water'}),0.2592,0.4456,0.172,0.6635802469135802,1.4891836779927743,1.0,0.05650047999999999,1.6479412844036694,0.44342759555979705,0.3228228228228228,0.39318226355263386,0.5247883281246537,['Sponsor']->['Water']
